{
  "using": ["System", "System.Threading", "PCSC"],
  "namespace": "NfcConsoleApp",
  "class": "Program",
  "methods": {
    "Main": {
      "parameters": ["string[] args"],
      "body": {
        "context": {
          "type": "SCardContext",
          "actions": [
            { "method": "Establish", "arguments": ["SCardScope.System"] },
            { "method": "GetReaders", "assign": "readers" },
            {
              "condition": { "check": "readers.Length", "equals": 0 },
              "action": { "method": "Console.WriteLine", "arguments": ["Ei NFC-lukijoita löydetty."] }
            },
            {
              "readerName": "readers[0]",
              "reader": {
                "type": "SCardReader",
                "actions": [
                  {
                    "loop": "true",
                    "body": [
                      {
                        "method": "Connect",
                        "arguments": ["readerName", "SCardShareMode.Shared", "SCardProtocol.Any"],
                        "assign": "rc"
                      },
                      {
                        "condition": { "check": "rc", "notEquals": "SCardError.Success" },
                        "actions": [
                          { "method": "Console.WriteLine", "arguments": ["Yhteyttä ei voitu muodostaa lukijaan."] },
                          { "method": "Thread.Sleep", "arguments": [3000] }
                        ]
                      },
                      {
                        "method": "Transmit",
                        "arguments": [
                          "IntPtr.Zero",
                          "new byte[] { 0xFF, 0xCA, 0x00, 0x00, 0x00 }",
                          "5",
                          "new SCardPCI()",
                          "new byte[256]",
                          "ref receiveBufferLength"
                        ],
                        "assign": "rc"
                      },
                      {
                        "condition": { "check": "rc", "equals": "SCardError.Success" },
                        "action": {
                          "method": "Console.WriteLine",
                          "arguments": ["Kortin UID: {uid}"]
                        }
                      },
                      {
                        "method": "GetAttrib",
                        "arguments": ["SCardAttribute.AtrString", "out atr"],
                        "assign": "rc"
                      },
                      {
                        "condition": { "check": "rc", "equals": "SCardError.Success" },
                        "action": {
                          "method": "Console.WriteLine",
                          "arguments": ["ATR: {BitConverter.ToString(atr).Replace(\"-\", \" :\")}" ]
                        }
                      },
                      { "method": "Disconnect", "arguments": ["SCardReaderDisposition.Leave"] },
                      { "method": "Thread.Sleep", "arguments": [3000] }
                    ]
                  }
                ]
              }
            }
          ]
        }
      }
    }
  }
}
